"","CountryName","CountryCode","Date","region","PolicyType","PolicyCode","previous_PolicyCode","Notes"
"1","United Arab Emirates","ARE",2022-04-13,"Middle_East_North_Africa","C1: School closing","1G","1G","18/04/22    No changes found  https://web.archive.org/web/20220412235645/https://www.zawya.com/en/special-coverage/covid-19-updates/covid-19-in-uae-outdoor-masking-social-distancing-rules-dropped-for-abu-dhabi-students-gmdztbfe"
"2","United Arab Emirates","ARE",2022-04-13,"Middle_East_North_Africa","C2: Workplace closing","1G","1G","18/04/22    No changes found  https://web.archive.org/web/20220412214304/https://www.wam.ae/en/details/1395303007682"
"3","United Arab Emirates","ARE",2022-04-13,"Middle_East_North_Africa","C3: Cancel public events","2G","2G","18/04/22    No changes found  https://web.archive.org/web/20220412234142/https://www.khaleejtimes.com/coronavirus/covid-19-uae-to-lift-capacity-restrictions-from-tomorrow-all-you-need-to-know"
"4","United Arab Emirates","ARE",2022-04-13,"Middle_East_North_Africa","C4: Restrictions on gatherings","1G","1G","18/04/22    No changes found  https://web.archive.org/web/20220418164044/https://www.arabnews.com/node/2032056/middle-east"
"5","United Arab Emirates","ARE",2022-04-13,"Middle_East_North_Africa","C5: Close public transport","0","0","18/04/22    No changes found"
"6","United Arab Emirates","ARE",2022-04-13,"Middle_East_North_Africa","C6: Stay at home requirements","0","0","18/04/22    No changes found  https://web.archive.org/web/20220418164044/https://www.arabnews.com/node/2032056/middle-east"
"7","United Arab Emirates","ARE",2022-04-13,"Middle_East_North_Africa","C7: Restrictions on internal movement","2G","2G","18/04/22    No changes found  https://web.archive.org/web/20220418164044/https://www.arabnews.com/node/2032056/middle-east"
"8","United Arab Emirates","ARE",2022-04-13,"Middle_East_North_Africa","C8: International travel controls","1","1","18/04/22    No changes found  https://web.archive.org/web/20220418164044/https://www.arabnews.com/node/2032056/middle-east"
"9","United Arab Emirates","ARE",2022-04-13,"Middle_East_North_Africa","E1: Income support","0","0","18/04/22    No changes found"
"10","United Arab Emirates","ARE",2022-04-13,"Middle_East_North_Africa","E2: Debt/contract relief","0","0","18/04/22    No changes found"
"11","United Arab Emirates","ARE",2022-04-13,"Middle_East_North_Africa","H1: Public information campaigns","2G","2G","18/04/22    No changes found  https://web.archive.org/web/20220418170037/https://www.doh.gov.ae/en/covid-19/about  https://www.doh.gov.ae/en/covid-19/about"
"12","United Arab Emirates","ARE",2022-04-13,"Middle_East_North_Africa","H2: Testing policy","3","3","18/04/22    DHA â free tests for certain categories  As per the Dubai Health Authority (DHA), COVID-19 test is free only for the following categories:    â¢ UAE Nationals  â¢ Son / Daughter of UAE National mother  â¢ Households of UAE Nationals  â¢ Senior citizens & Residents (above the age of 50)  â¢ Pregnant women  â¢ People of determination (not their Families if residents)  â¢ Patients with chronic diseases: âDiabetes, hypertension, heart disease, arteries, tumors and rheumatism, chronic liver and kidney disease, brain and nerves (with condition of medical report)    Free test is provided every four months unless the patient develops COVID-19 symptoms, is in contact with a positive case or has developed a risk :pregnancy / chronic disease.  https://web.archive.org/web/20220418170428/https://gulfnews.com/living-in-uae/health/looking-for-a-cheap-pcr-test-in-the-uae-here-are-all-your-options-1.1641395533878"
"13","United Arab Emirates","ARE",2022-04-13,"Middle_East_North_Africa","H3: Contact tracing","2","2","18/04/22    No changes found  https://web.archive.org/web/20220418170739/https://mohap.gov.ae/en/media-center/news/24/1/2022/ministry-of-health-launches-sphere-platform-to-strengthen-early-surveillance-of-future-pandemics"
"14","United Arab Emirates","ARE",2022-04-13,"Middle_East_North_Africa","H6: Facial Coverings","2G","2G","18/04/22    https://web.archive.org/web/20220418164044/https://www.arabnews.com/node/2032056/middle-east"
"15","United Arab Emirates","ARE",2022-04-13,"Middle_East_North_Africa","H7: Vaccination policy","5G","5G","18/04/22    No changes found"
"16","United Arab Emirates","ARE",2022-04-13,"Middle_East_North_Africa","H8: Protection of elderly people","1G","1G","18/04/22    No changes found  https://web.archive.org/web/20220412223331/https://www.dha.gov.ae/en/Covid19/Pages/CaringElderlyFamilyMembers.aspx"
"17","Bahrain","BHR",2022-04-04,"Middle_East_North_Africa","C1: School closing","1G","1G","Schools in Bahrain have remain closed.   https://web.archive.org/web/20220425192459/https://www.expatriatehealthcare.com/bahrain-school-closures-unjustified/"
"18","Bahrain","BHR",2022-04-04,"Middle_East_North_Africa","C2: Workplace closing","0","1G","Bahrain has eased Covid-19 curbs on work places.  https://web.archive.org/web/20220425194040/https://www.tripsguard.com/blog/2022-02-24-bahrain-decided-to-lift-travel-curbs-despite-high-covid-19-cases"
"19","Bahrain","BHR",2022-04-04,"Middle_East_North_Africa","C3: Cancel public events","0","1G","Places of worship and prayer services at mosques will also be resumed at full capacity, with no requirement for a social distancing.  https://web.archive.org/web/20220425194040/https://www.tripsguard.com/blog/2022-02-24-bahrain-decided-to-lift-travel-curbs-despite-high-covid-19-cases"
"20","Bahrain","BHR",2022-04-04,"Middle_East_North_Africa","C4: Restrictions on gatherings","0","2G","There is currently no restrictions on social gatherings.  https://web.archive.org/web/20220425194040/https://www.tripsguard.com/blog/2022-02-24-bahrain-decided-to-lift-travel-curbs-despite-high-covid-19-cases"
"21","Bahrain","BHR",2022-04-04,"Middle_East_North_Africa","C5: Close public transport","0","0","Public transport is operational.  https://web.archive.org/web/20220425194439/https://bh.usembassy.gov/covid-19-information/"
"22","Bahrain","BHR",2022-04-04,"Middle_East_North_Africa","C6: Stay at home requirements","0","1G","Curfew is not in place   https://web.archive.org/web/20220425194439/https://bh.usembassy.gov/covid-19-information/"
"23","Bahrain","BHR",2022-04-04,"Middle_East_North_Africa","C7: Restrictions on internal movement","0","0","There are no restrictions on intercity or interstate travel.  https://web.archive.org/web/20220425194439/https://bh.usembassy.gov/covid-19-information/"
"24","Bahrain","BHR",2022-04-04,"Middle_East_North_Africa","C8: International travel controls","1","2","The Government of Bahrain (GOB) has implemented enhanced screening measures to reduce the spread of COVID-19. Travelers should be prepared for travel restrictions to be put into effect with little or no advance notice.  https://web.archive.org/web/20220425194439/https://bh.usembassy.gov/covid-19-information/"
"25","Bahrain","BHR",2022-04-04,"Middle_East_North_Africa","H1: Public information campaigns","2G","2G","There is comprehensive public campaigns through media and government website.  https://web.archive.org/web/20220425194439/https://bh.usembassy.gov/covid-19-information/"
"26","Bahrain","BHR",2022-04-04,"Middle_East_North_Africa","H2: Testing policy","3","3","COVID-19 tests through the 444 hotline are free for citizens and residents of Bahrain.  https://web.archive.org/web/20220425194439/https://bh.usembassy.gov/covid-19-information/"
"27","Bahrain","BHR",2022-04-04,"Middle_East_North_Africa","H3: Contact tracing","2","2","All arrivals to Bahrain must activate the 'BeAware Bahrain' application.  https://web.archive.org/web/20220318125710/https://www.bahrainairport.bh/covid-19-travel-information"
"28","Bahrain","BHR",2022-04-04,"Middle_East_North_Africa","H6: Facial Coverings","2G","2G","Mask wearing is now optional in both indoor and outdoor areas.  According to the National Medical Taskforce, mask wearing is encouraged when in the company of high-risk individuals and those with chronic health conditions.  https://web.archive.org/web/20220425194439/https://bh.usembassy.gov/covid-19-information/"
"29","Bahrain","BHR",2022-04-04,"Middle_East_North_Africa","H7: Vaccination policy","4G","5G","Citizens and residents of Bahrain can now register for the Pfizer-BioNTech, Sinopharm, AstraZeneca, or Sputnik V COVID-19 vaccines on the Ministry of Healthâs website.  https://web.archive.org/web/20220425194439/https://bh.usembassy.gov/covid-19-information/"
"30","Bahrain","BHR",2022-04-04,"Middle_East_North_Africa","H8: Protection of elderly people","2G","2G","Bahrain has launched mobile units providing home vaccinations against COVID-19 for the elderly and people with special needs. Bahrainâs official news agency BNA said that the service is the first of its kind in the region and is offered by medical teams who make home visits to the people who cannot make it to the vaccination centres and give them the jabs.    https://web.archive.org/web/20210406052034/https://gulfnews.com/world/gulf/bahrain/bahrain-launches-mobile-covid-19-vaccination-service-1.76481985"
"31","Djibouti","DJI",2022-04-05,"Middle_East_North_Africa","C1: School closing","1G","1G","""Schools have resumed in-person classes.""    https://web.archive.org/web/20220216120454/https://crisis24.garda.com/alerts/2022/01/djibouti-authorities-maintaining-covid-19-related-domestic-and-international-travel-restrictions-as-of-jan-17-update-23"
"32","Djibouti","DJI",2022-04-18,"Middle_East_North_Africa","C1: School closing","1G","1G","""Schools have resumed in-person classes.""    https://web.archive.org/web/20220216120454/https://crisis24.garda.com/alerts/2022/01/djibouti-authorities-maintaining-covid-19-related-domestic-and-international-travel-restrictions-as-of-jan-17-update-23"
"33","Djibouti","DJI",2022-04-05,"Middle_East_North_Africa","C2: Workplace closing","1G","1G","""Domestically, most businesses are operating; however, social distancing measures and other requirements to prevent the further spread of COVID-19 remain in force.""    https://web.archive.org/web/20220216120454/https://crisis24.garda.com/alerts/2022/01/djibouti-authorities-maintaining-covid-19-related-domestic-and-international-travel-restrictions-as-of-jan-17-update-23"
"34","Djibouti","DJI",2022-04-18,"Middle_East_North_Africa","C2: Workplace closing","1G","1G","""Domestically, most businesses are operating; however, social distancing measures and other requirements to prevent the further spread of COVID-19 remain in force.""    https://web.archive.org/web/20220216120454/https://crisis24.garda.com/alerts/2022/01/djibouti-authorities-maintaining-covid-19-related-domestic-and-international-travel-restrictions-as-of-jan-17-update-23"
"35","Djibouti","DJI",2022-04-05,"Middle_East_North_Africa","C3: Cancel public events","2G","2G","""Public gatherings of more than 10 people remain prohibited.""    https://web.archive.org/web/20220216120454/https://crisis24.garda.com/alerts/2022/01/djibouti-authorities-maintaining-covid-19-related-domestic-and-international-travel-restrictions-as-of-jan-17-update-23"
"36","Djibouti","DJI",2022-04-18,"Middle_East_North_Africa","C3: Cancel public events","2G","2G","""Public gatherings of more than 10 people remain prohibited.""    https://web.archive.org/web/20220216120454/https://crisis24.garda.com/alerts/2022/01/djibouti-authorities-maintaining-covid-19-related-domestic-and-international-travel-restrictions-as-of-jan-17-update-23"
"37","Djibouti","DJI",2022-04-05,"Middle_East_North_Africa","C4: Restrictions on gatherings","4G","4G","""Public gatherings of more than 10 people remain prohibited.""    https://web.archive.org/web/20220216120454/https://crisis24.garda.com/alerts/2022/01/djibouti-authorities-maintaining-covid-19-related-domestic-and-international-travel-restrictions-as-of-jan-17-update-23"
"38","Djibouti","DJI",2022-04-18,"Middle_East_North_Africa","C4: Restrictions on gatherings","4G","4G","""Public gatherings of more than 10 people remain prohibited.""    https://web.archive.org/web/20220216120454/https://crisis24.garda.com/alerts/2022/01/djibouti-authorities-maintaining-covid-19-related-domestic-and-international-travel-restrictions-as-of-jan-17-update-23"
"39","Djibouti","DJI",2022-04-05,"Middle_East_North_Africa","C5: Close public transport","1G","1G","Since most business and activities are open it seems that there is no stay at home requirements.   ""Hotels, restaurants, and leisure and amusement sites are operating, as are conference venues, event halls, and cinemas. Schools have resumed in-person classes.""    https://web.archive.org/web/20220216120454/https://crisis24.garda.com/alerts/2022/01/djibouti-authorities-maintaining-covid-19-related-domestic-and-international-travel-restrictions-as-of-jan-17-update-23"
"40","Djibouti","DJI",2022-04-18,"Middle_East_North_Africa","C5: Close public transport","1G","1G","Since most business and activities are open it seems that there is no stay at home requirements.   ""Hotels, restaurants, and leisure and amusement sites are operating, as are conference venues, event halls, and cinemas. Schools have resumed in-person classes.""    https://web.archive.org/web/20220216120454/https://crisis24.garda.com/alerts/2022/01/djibouti-authorities-maintaining-covid-19-related-domestic-and-international-travel-restrictions-as-of-jan-17-update-23"
"41","Djibouti","DJI",2022-04-05,"Middle_East_North_Africa","C6: Stay at home requirements","1G","1G","Since most business and activities are open it seems that there is no stay at home requirements.   ""Hotels, restaurants, and leisure and amusement sites are operating, as are conference venues, event halls, and cinemas. Schools have resumed in-person classes.""    https://web.archive.org/web/20220216120454/https://crisis24.garda.com/alerts/2022/01/djibouti-authorities-maintaining-covid-19-related-domestic-and-international-travel-restrictions-as-of-jan-17-update-23"
"42","Djibouti","DJI",2022-04-18,"Middle_East_North_Africa","C6: Stay at home requirements","1G","1G","Since most business and activities are open it seems that there is no stay at home requirements.   ""Hotels, restaurants, and leisure and amusement sites are operating, as are conference venues, event halls, and cinemas. Schools have resumed in-person classes.""    https://web.archive.org/web/20220216120454/https://crisis24.garda.com/alerts/2022/01/djibouti-authorities-maintaining-covid-19-related-domestic-and-international-travel-restrictions-as-of-jan-17-update-23"
"43","Djibouti","DJI",2022-04-05,"Middle_East_North_Africa","C7: Restrictions on internal movement","1G","1G","Most public places are open so it seems there are little restrictions on internal mouvement.   ""Retail shops, grocery stores, and places of worship have reopened. Hotels, restaurants, and leisure and amusement sites are operating, as are conference venues, event halls, and cinemas.""    https://web.archive.org/web/20220216120454/https://crisis24.garda.com/alerts/2022/01/djibouti-authorities-maintaining-covid-19-related-domestic-and-international-travel-restrictions-as-of-jan-17-update-23"
"44","Djibouti","DJI",2022-04-18,"Middle_East_North_Africa","C7: Restrictions on internal movement","1G","1G","Most public places are open so it seems there are little restrictions on internal mouvement.   ""Retail shops, grocery stores, and places of worship have reopened. Hotels, restaurants, and leisure and amusement sites are operating, as are conference venues, event halls, and cinemas.""    https://web.archive.org/web/20220216120454/https://crisis24.garda.com/alerts/2022/01/djibouti-authorities-maintaining-covid-19-related-domestic-and-international-travel-restrictions-as-of-jan-17-update-23"
"45","Djibouti","DJI",2022-04-05,"Middle_East_North_Africa","C8: International travel controls","1","1","Travellers entering the country must show a negative negative COVID-19 PCR test 72 hours prior entering the country; and will be tested up arrival.  ""All passengers over the age of 11 leaving or entering Djibouti, including those who have been vaccinated, must show a negative result from a COVID-19 PCR test taken within 72 hours of boarding any flight bound for Djibouti and not more than 120 hours prior to their arrival at Ambouli International Airport (JIB). All travelers entering the country will also be tested for COVID-19 upon arrival and must wait at the port of entry until the results become available.""    https://web.archive.org/web/20220216120454/https://crisis24.garda.com/alerts/2022/01/djibouti-authorities-maintaining-covid-19-related-domestic-and-international-travel-restrictions-as-of-jan-17-update-23"
"46","Djibouti","DJI",2022-04-18,"Middle_East_North_Africa","C8: International travel controls","1","1","Travellers entering the country must show a negative negative COVID-19 PCR test 72 hours prior entering the country; and will be tested up arrival.  ""All passengers over the age of 11 leaving or entering Djibouti, including those who have been vaccinated, must show a negative result from a COVID-19 PCR test taken within 72 hours of boarding any flight bound for Djibouti and not more than 120 hours prior to their arrival at Ambouli International Airport (JIB). All travelers entering the country will also be tested for COVID-19 upon arrival and must wait at the port of entry until the results become available.""    https://web.archive.org/web/20220216120454/https://crisis24.garda.com/alerts/2022/01/djibouti-authorities-maintaining-covid-19-related-domestic-and-international-travel-restrictions-as-of-jan-17-update-23"
"47","Djibouti","DJI",2022-04-05,"Middle_East_North_Africa","E1: Income support","0","0","No support found"
"48","Djibouti","DJI",2022-04-19,"Middle_East_North_Africa","E1: Income support","0","0","No support found"
"49","Djibouti","DJI",2022-04-19,"Middle_East_North_Africa","E2: Debt/contract relief","0","0","No support found"
"50","Djibouti","DJI",2022-04-05,"Middle_East_North_Africa","H1: Public information campaigns","2G","2G","Coordinated public campaign to raise awareness about COVID-19.    http://web.archive.org/web/20220101162250/https://covid19.gouv.dj/"
"51","Djibouti","DJI",2022-04-19,"Middle_East_North_Africa","H1: Public information campaigns","2G","2G","Coordinated public campaign to raise awareness about COVID-19.    http://web.archive.org/web/20220101162250/https://covid19.gouv.dj/"
"52","Djibouti","DJI",2022-04-05,"Middle_East_North_Africa","H2: Testing policy","2","2","The Government of Djibouti offers COVID-19 tests at King Fahd and has a pop-up site near the Treasury. While the test itself is free, a negative COVID-19 test certificate costs 5,000 Fdj or $30. Additionally, you may pay 5,000 Fdj to request a test be conducted at your residence. Test results are delivered by phone.    https://web.archive.org/web/20220101162250/https://covid19.gouv.dj/  https://web.archive.org/web/20220101161354/https://dj.usembassy.gov/covid-19-information/  https://web.archive.org/web/20220101161426/https://www.garda.com/crisis24/news-alerts/557591/djibouti-authorities-maintaining-covid-19-related-domestic-and-international-travel-restrictions-as-of-dec-17-update-2"
"53","Djibouti","DJI",2022-04-19,"Middle_East_North_Africa","H2: Testing policy","2","2","The Government of Djibouti offers COVID-19 tests at King Fahd and has a pop-up site near the Treasury. While the test itself is free, a negative COVID-19 test certificate costs 5,000 Fdj or $30. Additionally, you may pay 5,000 Fdj to request a test be conducted at your residence. Test results are delivered by phone.    https://web.archive.org/web/20220101162250/https://covid19.gouv.dj/  https://web.archive.org/web/20220101161354/https://dj.usembassy.gov/covid-19-information/  https://web.archive.org/web/20220101161426/https://www.garda.com/crisis24/news-alerts/557591/djibouti-authorities-maintaining-covid-19-related-domestic-and-international-travel-restrictions-as-of-dec-17-update-2"
"54","Djibouti","DJI",2022-04-05,"Middle_East_North_Africa","H3: Contact tracing","0","0","No policy update.    https://web.archive.org/web/20220101162250/https://covid19.gouv.dj/  https://web.archive.org/web/20220101161354/https://dj.usembassy.gov/covid-19-information/  https://web.archive.org/web/20220101161426/https://www.garda.com/crisis24/news-alerts/557591/djibouti-authorities-maintaining-covid-19-related-domestic-and-international-travel-restrictions-as-of-dec-17-update-22"
"55","Djibouti","DJI",2022-04-19,"Middle_East_North_Africa","H3: Contact tracing","0","0","no evidence of contact tracing"
"56","Djibouti","DJI",2022-04-05,"Middle_East_North_Africa","H6: Facial Coverings","3G","3G","""wearing of a mask Wearing a mask is compulsory in all public or private spaces in which social distancing cannot be observed.""    https://web.archive.org/web/20210116095233/https://www.presidence.dj/texte.php?ID=2020-080&ID2=2020-05-10&ID3=D%E9cret&ID4=9&ID5=2020-05-14&ID6=n#:~:text=Article%25201%2520%253A%2520Le%2520pr%25C3%25A9sent%2520d%25C3%25A9cret,l'ensemble%2520du%2520territoire%2520national.&text=Le%2520port%2520du%2520masque%2520est,sociale%2520ne%2520peut%2520%25C3%25AAtre%2520observ%25C3%25A9e."
"57","Djibouti","DJI",2022-04-19,"Middle_East_North_Africa","H6: Facial Coverings","3G","3G","""wearing of a mask Wearing a mask is compulsory in all public or private spaces in which social distancing cannot be observed.""    https://web.archive.org/web/20210116095233/https://www.presidence.dj/texte.php?ID=2020-080&ID2=2020-05-10&ID3=D%E9cret&ID4=9&ID5=2020-05-14&ID6=n#:~:text=Article%25201%2520%253A%2520Le%2520pr%25C3%25A9sent%2520d%25C3%25A9cret,l'ensemble%2520du%2520territoire%2520national.&text=Le%2520port%2520du%2520masque%2520est,sociale%2520ne%2520peut%2520%25C3%25AAtre%2520observ%25C3%25A9e."
"58","Djibouti","DJI",2022-04-05,"Middle_East_North_Africa","H7: Vaccination policy","5G","5G","""This donation, coordinated by COVAX, will help protect the population of Djibouti, including persons under the age of 18, from the COVID-19 virus and prevent the further spread of the virusâ new strains. The U.S. Government fully supports the Djiboutian authoritiesâ vaccination efforts and encourages everyone to get vaccinated.""    https://web.archive.org/web/20220105155650/https://dj.usembassy.gov/united-states-donates-pfizer-covid-19-vaccines-to-djibouti/"
"59","Djibouti","DJI",2022-04-19,"Middle_East_North_Africa","H7: Vaccination policy","5G","5G","""This donation, coordinated by COVAX, will help protect the population of Djibouti, including persons under the age of 18, from the COVID-19 virus and prevent the further spread of the virusâ new strains. The U.S. Government fully supports the Djiboutian authoritiesâ vaccination efforts and encourages everyone to get vaccinated.""    https://web.archive.org/web/20220105155650/https://dj.usembassy.gov/united-states-donates-pfizer-covid-19-vaccines-to-djibouti/"
"60","Djibouti","DJI",2022-04-05,"Middle_East_North_Africa","H8: Protection of elderly people","0","0","No measures found"
"61","Djibouti","DJI",2022-04-19,"Middle_East_North_Africa","H8: Protection of elderly people","0","0","no protection of eldrely people found"
"62","Algeria","DZA",2022-04-05,"Middle_East_North_Africa","C1: School closing","1G","1G","Unable to find any policies relating to schools closure after 6 February, but found no evidence of extended regulation    ""The suspension of classes in the three education stages (primary, middle and secondary) has been extended by one week from January 30, 2022, due to the coronavirus pandemic (Covid-1), said Thursday the Prime Minister's Office in a statement.""  https://web.archive.org/web/20220320230020/https://www.aps.dz/en/algeria/42627-education-suspension-of-classes-extended-by-one-week"
"63","Algeria","DZA",2022-04-12,"Middle_East_North_Africa","C2: Workplace closing","2G","2G","Additionally, the âvaccination passâ is required to access public spaces and buildings to include:     Stadiums and locations for sporting events  Sports halls, gyms, and swimming pools  Meetings, seminars, and conferences  Cinemas, theaters, museums, and entertainment venues  National and local festivities and events  Lounges and exhibition fairs  Party halls  Hammams    https://web.archive.org/web/20220322014021/https://dz.usembassy.gov/covid-19-information/"
"64","Algeria","DZA",2022-04-12,"Middle_East_North_Africa","C3: Cancel public events","2G","2G","Additionally, the âvaccination passâ is required to access public spaces and buildings to include:     Stadiums and locations for sporting events  Sports halls, gyms, and swimming pools  Meetings, seminars, and conferences  Cinemas, theaters, museums, and entertainment venues  National and local festivities and events  Lounges and exhibition fairs  Party halls  Hammams    https://web.archive.org/web/20220322014021/https://dz.usembassy.gov/covid-19-information/"
"65","Algeria","DZA",2022-04-05,"Middle_East_North_Africa","C4: Restrictions on gatherings","4G","4G","""On the whole Algerian territory:  a ban on gatherings and marches anywhere""    https://web.archive.org/web/20220425105503/https://www.diplomatie.gouv.fr/fr/conseils-aux-voyageurs/conseils-par-pays-destination/algerie/"
"66","Algeria","DZA",2022-04-12,"Middle_East_North_Africa","C5: Close public transport","1G","1G","05/01/22    According to atlys travel guide website, public transportations are operational but there are certain restrictions in place.  https://web.archive.org/web/20220205214630/https://www.atlys.com/covid/algeria?from=united-states    ""Travel between provinces is now permitted though public transport options remain limited.""  https://web.archive.org/web/20220205214551/https://www.gov.uk/foreign-travel-advice/algeria/coronavirus"
"67","Algeria","DZA",2022-04-12,"Middle_East_North_Africa","C6: Stay at home requirements","0","0","Curfews lifted since 18/10/21    ""Partial home confinement, currently applicable in twenty-three wilayas, will be completely lifted from Wednesday, said a press release from the Prime Minister's office on Monday.""    https://web.archive.org/web/20220411214231/https://www.aps.dz/algerie/129096-covid-19-levee-totale-du-confinement-a-domicile-a-compter-de-mercredi"
"68","Algeria","DZA",2022-04-12,"Middle_East_North_Africa","C7: Restrictions on internal movement","0","0","No restrictions on internal movement seems to be in place  https://web.archive.org/web/20220223221152/https://dz.usembassy.gov/covid-19-information/"
"69","Algeria","DZA",2022-04-12,"Middle_East_North_Africa","C8: International travel controls","1","1","""For non-vaccinated travellers, obligation to present, on departure and arrival on Algerian territory, a negative RT-PCR test dated less than 72 hours.""    ""For vaccinated travellers, obligation to present, on departure and arrival on Algerian territory, a vaccination passport against Covid-19 dating from less than 9 months""    https://web.archive.org/web/20220411215725/https://www.diplomatie.gouv.fr/fr/conseils-aux-voyageurs/conseils-par-pays-destination/algerie/"
"70","Algeria","DZA",2022-04-12,"Middle_East_North_Africa","E1: Income support","0","0","no income support policies found  https://web.archive.org/web/20220322025008/https://www.imf.org/en/Topics/imf-and-covid19/Policy-Responses-to-COVID-19"
"71","Algeria","DZA",2022-04-12,"Middle_East_North_Africa","E2: Debt/contract relief","0","0","no income support policies found  https://web.archive.org/web/20220322025008/https://www.imf.org/en/Topics/imf-and-covid19/Policy-Responses-to-COVID-19"
"72","Algeria","DZA",2022-04-12,"Middle_East_North_Africa","H1: Public information campaigns","2G","2G","General and coordinated national-wide prevention campaigns.    https://web.archive.org/web/20220411220919/https://www.sante.gov.dz/"
"73","Algeria","DZA",2022-04-12,"Middle_East_North_Africa","H2: Testing policy","3","3","Testing available even in pharmacies.  ""Covid-19: community pharmacies authorized to carry out screening tests.""    https://web.archive.org/web/20220411221249/https://www.aps.dz/sante-science-technologie/134676-covid-19-les-pharmacies-d-officine-autorisees-a-effectuer-les-tests-de-depistage"
"74","Algeria","DZA",2022-04-12,"Middle_East_North_Africa","H3: Contact tracing","0","0","No evidence found on contact tracing"
"75","Algeria","DZA",2022-04-12,"Middle_East_North_Africa","H6: Facial Coverings","3G","3G","""The Ministry of Health recalls, at the same time, that the current epidemiological situation requires all citizens to be vigilant and respect the rules of hygiene and physical distance, while insisting on wearing a mask.""    https://web.archive.org/web/2/https://oxcgrtportal.azurewebsites.net/Contribute/Contribute?status=Data%20written%20to%20database!"
"76","Algeria","DZA",2022-04-12,"Middle_East_North_Africa","H7: Vaccination policy","5G","5G","The Algerian national vaccination programme started in January 2021 and is using the AstraZeneca, Sinovac, Sputnik V, Johnson and Johnson and Sinopharm vaccines.    https://web.archive.org/web/20220322033146/https://www.gov.uk/foreign-travel-advice/algeria/coronavirus"
"77","Algeria","DZA",2022-04-12,"Middle_East_North_Africa","H8: Protection of elderly people","0","0","No data found on protection of elderly people"
"78","Egypt","EGY",2022-04-12,"Middle_East_North_Africa","C1: School closing","1G","1G","""The education and higher education ministries said education facilities are operating as usual as the two ministries are following daily health reports from education institutions in coordination with related authorities, the statement said.""    https://web.archive.org/web/20211202114852/https://www.egypttoday.com/Article/1/110465/Egypt-s-gov-t-dismisses-reports-on-school-universities-suspension"
"79","Egypt","EGY",2022-04-12,"Middle_East_North_Africa","C2: Workplace closing","1G","1G","""Businesses such as restaurants and cafes must operate 70 percent of capacity or less.""    https://web.archive.org/web/20220225085705/https://eg.usembassy.gov/u-s-citizen-services/covid-19-information/"
"80","Egypt","EGY",2022-04-12,"Middle_East_North_Africa","C3: Cancel public events","2G","2G","""Large indoor weddings, funerals, festivals, or other mass gatherings are canceled indefinitely.""    https://web.archive.org/web/20220225085705/https://eg.usembassy.gov/u-s-citizen-services/covid-19-information/"
"81","Egypt","EGY",2022-04-12,"Middle_East_North_Africa","C4: Restrictions on gatherings","4G","4G","""Large indoor weddings, funerals, festivals, or other mass gatherings are canceled indefinitely.""    https://web.archive.org/web/20220225085705/https://eg.usembassy.gov/u-s-citizen-services/covid-19-information/"
"82","Egypt","EGY",2022-04-12,"Middle_East_North_Africa","C5: Close public transport","0","0","""Is public transportation operating? Yes""    https://archive.ph/wKvCB#selection-2261.0-2263.3"
"83","Egypt","EGY",2022-04-12,"Middle_East_North_Africa","C6: Stay at home requirements","0","0","""Is a curfew in place? No""    https://web.archive.org/web/20220228184000/https://eg.usembassy.gov/u-s-citizen-services/covid-19-information/"
"84","Egypt","EGY",2022-04-12,"Middle_East_North_Africa","C7: Restrictions on internal movement","0","0","""Are there restrictions on intercity or interstate travel? No""    https://web.archive.org/web/20220228184000/https://eg.usembassy.gov/u-s-citizen-services/covid-19-information/"
"85","Egypt","EGY",2022-04-12,"Middle_East_North_Africa","C8: International travel controls","1","1","""Are health screening procedures in place at airports and other ports of entry? Yes.""  ""All passengers travelling to Egypt (including Egyptians) must be in possession of negative PCR test certificate for COVID-19 with Quick Response (QR) code, taken at a maximum of 72 hours before their flight departure time.""  ""Except for the Janssen / Johnson & Johnson vaccine, two doses are always required.  The Egyptian authorities do not recognize vaccination of a recovered person with just one vaccination dose.""    https://web.archive.org/web/20220228184000/https://eg.usembassy.gov/u-s-citizen-services/covid-19-information/"
"86","Egypt","EGY",2022-04-12,"Middle_East_North_Africa","E1: Income support","1G","1G","No change in policy.    http://archive.today/hoXYH"
"87","Egypt","EGY",2022-04-12,"Middle_East_North_Africa","E2: Debt/contract relief","0","0","No change in policy.    http://archive.today/hoXYH"
"88","Egypt","EGY",2022-04-12,"Middle_East_North_Africa","H1: Public information campaigns","2G","2G","""Announced the completion of a digital awareness campaign on the COVID-19 vaccination with the UNICEF during the months of November and December 2021""    https://web.archive.org/web/20220228190031/https://www.zawya.com/mena/en/press-releases/story/Talabat_Egypts_Covid19_vaccination_awareness_campaign-ZAWYA20211226101155/"
"89","Egypt","EGY",2022-04-12,"Middle_East_North_Africa","H2: Testing policy","3","3","""The Government of Egypt  provides COVID-19 tests?at a cost of 1,680 Egyptian Pounds for?foreigners?and 1,260 Egyptian pounds for?Egyptians.""    https://archive.ph/wKvCB#selection-1897.0-1899.115"
"90","Egypt","EGY",2022-04-12,"Middle_East_North_Africa","H3: Contact tracing","0","0","No policy change.     http://archive.today/wKvCB"
"91","Egypt","EGY",2022-04-12,"Middle_East_North_Africa","H6: Facial Coverings","4G","4G","""Individuals who do not adhere to precautionary measures such as wearing a mask indoors may be subject to an immediate fine or prosecution.""    https://archive.ph/wKvCB#selection-1849.0-1849.138"
"92","Egypt","EGY",2022-04-12,"Middle_East_North_Africa","H7: Vaccination policy","5G","3G",NA
"93","Egypt","EGY",2022-04-12,"Middle_East_North_Africa","H8: Protection of elderly people","0","1G","No evidence on the protection of elderly people"
"94","Iran","IRN",2022-04-06,"Middle_East_North_Africa","C1: School closing","3G","3G","-Being fully vaccinated is a prerequisite for attending classes for students and teachers.  -Health protocols call for mandatory masks, disinfected spaces and teams to monitor developments at schools, but not for increased physical distancing in classes.  -Three groups of students are now allowed to be absent from physical classrooms: those suffering from underlying conditions, those infected with coronavirus and those showing symptoms.  https://web.archive.org/web/20220430124106/https://www.aljazeera.com/news/2022/4/3/iran-fully-reopens-schools-after-two-years-as-ramadan-begins"
"95","Iran","IRN",2022-04-06,"Middle_East_North_Africa","C2: Workplace closing","3T","3T","Travel in Iran  -Measures and restrictions are in place in Iran, including temporary closure of non-essential businesses and shrines, and cancellation of some public events. Each province is able to introduce restrictions to respond to localised peaks in infections. This may include lockdown and restriction of movement, and may be introduced with little warning.  https://web.archive.org/web/20220430121640/https://www.gov.uk/foreign-travel-advice/iran/coronavirus    Are businesses and attractions open in Iran?  -Non-essential businesses and attractions are closed in high-risk areas, and a full lockdown is in place.  -There are some restrictions on unvaccinated individuals.  Are restaurants and bars open in Iran?  -Restaurants, cafes and bars are closed in high-risk areas.  https://web.archive.org/web/20220430121918/https://www.coronatestcentre.com/destinations/iran"
"96","Iran","IRN",2022-04-06,"Middle_East_North_Africa","C3: Cancel public events","2T","2T","-Non-essential businesses and attractions are closed in high-risk areas, and a full lockdown is in place.  -There are some restrictions on unvaccinated individuals.  -Large events such as concerts and sports matches remain either cancelled.  https://web.archive.org/web/20220430121918/https://www.coronatestcentre.com/destinations/iran"
"97","Iran","IRN",2022-04-06,"Middle_East_North_Africa","C4: Restrictions on gatherings","4G","4G","Dr. Hamid Reza Jamaati at the end of the meeting of the Scientific Committee for Iran's National Task Force for Fighting Coronavirus which was held this morning at the Heart Hotel in Tehran, in an exclusive interview with Iran Press News Agency added: ""Necessary warnings should be given about Yalda night and the family gatherings so that Iranian citizens do not get involved in the coronavirus and especially the new Omicron variant.""  *no new updates since 19 Dec 2021  https://web.archive.org/web/20220430130538/https://iranpress.com/content/52494/omicron-enters-iran-iran-considers-4-week-nationwide-lockdown"
"98","Iran","IRN",2022-04-06,"Middle_East_North_Africa","C5: Close public transport","0","0","Is public transportation open in Iran?  -Public transportation in Iran is operating, however travel to and from high-risk areas is banned.  https://web.archive.org/web/20220430121918/https://www.coronatestcentre.com/destinations/iran"
"99","Iran","IRN",2022-04-06,"Middle_East_North_Africa","C6: Stay at home requirements","0","0","The national anti-coronavirus task force said last month that a nighttime curfew for vehicles has been scrapped after much deliberation as it was deemed not effective enough.  *published on 06 Dec 2021  https://web.archive.org/web/20220430120435/https://www.aljazeera.com/news/2021/12/6/iran-imposes-restrictions-on-unvaccinated-in-new-covid-plan    Movement Restrictions:  Is a curfew in place? No  *written on 09 Dec 2021  https://web.archive.org/web/20220430115231/https://ir.usembassy.gov/covid-19-information/    *no new updates"
"100","Iran","IRN",2022-04-06,"Middle_East_North_Africa","C7: Restrictions on internal movement","2T","2T","Travel in Iran  -It is now mandatory to wear face masks in enclosed public places. You may incur a fine if you do not comply.  -Measures and restrictions are in place in Iran, including temporary closure of non-essential businesses and shrines, and cancellation of some public events. Each province is able to introduce restrictions to respond to localised peaks in infections. This may include lockdown and restriction of movement, and may be introduced with little warning.  -Internal travel restrictions, including to important tourism and pilgrimage areas, may be imposed at short notice.  https://web.archive.org/web/20220430121640/https://www.gov.uk/foreign-travel-advice/iran/coronavirus"
"101","Iran","IRN",2022-04-06,"Middle_East_North_Africa","C8: International travel controls","3","3","General  -Iran's borders remain closed, while some domestic restrictions are being lifted.    Can I Travel to Iran?  -Iran's borders are closed for travelers. Vaccinated travelers from safe countries can enter.  -Flights from countries considered high-risk are suspended.  -Foreign travelers must be fully vaccinated prior to traveling to Iran.  https://web.archive.org/web/20220430121918/https://www.coronatestcentre.com/destinations/iran"
"102","Iran","IRN",2022-04-06,"Middle_East_North_Africa","E1: Income support","1T","1T","Key measures of the 2020 package included (i) extra funding for the health sector (2 percent of GDP); (ii) cash transfers to vulnerable households (0.5 percent of GDP); (iii) support to the unemployment insurance fund (0.3 percent of GDP); and (iv) subsidized loans for affected businesses and vulnerable households (4.7 percent of GDP). In addition, the government announced a moratorium on tax payments for a period of three months through June 2020 (6 percent of GDP). Sukuk bonds, the National Development Fund, and privatization proceeds provided part of the financing.  *As of 01 July 2021 - no new updates since  https://web.archive.org/web/20220430123411/https://www.imf.org/en/Topics/imf-and-covid19/Policy-Responses-to-COVID-19"
"103","Iran","IRN",2022-04-06,"Middle_East_North_Africa","E2: Debt/contract relief","1","1","The Central Bank of Iran has (i) announced the allocation of funds to import medicine; (ii) agreed  with commercial banks that they postpone by three months the repayment of loans due in February 2020; (iii) offered temporary penalty waivers for customers with non-performing loans; and (iv) expanded  contactless payments and increased the limits for bank transactions in order to reduce the circulation of banknotes and the exchange of debit cards.The Central Bank of Iran also reduced reserve requirements between April and September 2020 for commercial banks to boost lending to affected people and businesses.  *As of 01 July 2021 - no new updates since  https://web.archive.org/web/20220430123411/https://www.imf.org/en/Topics/imf-and-covid19/Policy-Responses-to-COVID-19"
"104","Iran","IRN",2022-04-06,"Middle_East_North_Africa","H1: Public information campaigns","2G","2G","The Government of the Muslim Republic of Iran maintains a website that gives daily update about COVID-19 cases.     Ministry of Health and Medical Education:  https://web.archive.org/web/20220430104549/https://irangov.ir/ministry-of-health-and-medical-education/1"
"105","Iran","IRN",2022-04-06,"Middle_East_North_Africa","H2: Testing policy","3","3","COVID-19 Testing:  -Are PCR and/or antigen tests available for U.S. citizens in Iran? Yes  -If so, are test results reliably available within 24 hours? Yes  -Free PCR tests may be obtained for symptomatic persons by dialing 4030 or 190. The Ministry of Health and Medical Education has allocated centers nationwide for this purpose.  -Hospitals, laboratories, and medical facilities that offer private PCR tests, the cost of which is borne by the individual.  The average cost of a PCR test is 2.5 â 3.5 million IRR. Most facilities offer testing at home and charge an additional average of 1.5 â 2 million IRR for the service.  As of 09 Dec 2021  https://web.archive.org/web/20220430115231/https://ir.usembassy.gov/covid-19-information/    Quarantine requirements  People testing positive for COVID-19 may be required to isolate for 14 days.  https://web.archive.org/web/20220430115859/https://www.gov.uk/foreign-travel-advice/iran/entry-requirements"
"106","Iran","IRN",2022-04-06,"Middle_East_North_Africa","H3: Contact tracing","1","1","It also said penalties have been considered for infected citizens who exit their homes during the period of their illness. It remains unclear how those patients are to be monitored â as Iran does not engage in widespread contact tracing â and how high the fines will be.  As of 06 Dec 2021  *No new updates  https://web.archive.org/web/20220430120435/https://www.aljazeera.com/news/2021/12/6/iran-imposes-restrictions-on-unvaccinated-in-new-covid-plan"
"107","Iran","IRN",2022-04-06,"Middle_East_North_Africa","H6: Facial Coverings","2G","2G","Travel in Iran  -It is now mandatory to wear face masks in enclosed public places. You may incur a fine if you do not comply.  https://web.archive.org/web/20220430121640/https://www.gov.uk/foreign-travel-advice/iran/coronavirus    Do I need to wear a face mask in Iran?  -Wearing a face mask is required in enclosed public places and on public transport.  https://web.archive.org/web/20220430121918/https://www.coronatestcentre.com/destinations/iran    All passengers arriving into Iran need to wear a mask on the plane and in the airport at all times.  All passengers need to fill in a Passenger Locator Form provided by the airline before landing.  https://web.archive.org/web/20220430122127/https://www.dfa.ie/travel/travel-advice/a-z-list-of-countries/iran/    Masks  -REQUIRED  -Wearing a mask over your nose and mouth is required in indoor areas of public transportation (including on airplanes) traveling into, within, or out of the United States and indoors in U.S. transportation hubs (including airports).  https://web.archive.org/web/20220430122812/https://wwwnc.cdc.gov/travel/notices/covid-3/covid-19-iran"
"108","Iran","IRN",2022-04-06,"Middle_East_North_Africa","H7: Vaccination policy","5G","5G","""Dr. Kamal Heidari, Deputy Minister of Health of the Ministry of Health, Treatment and Medical Education of Iran in a press conference on Wednesday said: With the approval of the Minister of Health and the approval of the National Task Force Against Coronavirus, in the first phase, vaccination of the age group over nine years began and from today, the immunization of the age group over five years will start in the country. ""    ""Iran's Health Ministry approves vaccination of children between 5 to 10"" (Iran Press, 9 February 2022)  *No new updates from previous entry.  https://web.archive.org/web/20220430102946/https://iranpress.com/content/55314/iran-health-ministry-approves-vaccination-children-between"
"109","Iran","IRN",2022-04-06,"Middle_East_North_Africa","H8: Protection of elderly people","0","0","No new policies.  Ministry of Health and Medical Education:  https://web.archive.org/web/20220430104549/https://irangov.ir/ministry-of-health-and-medical-education/1"
"110","Israel","ISR",2022-04-04,"Middle_East_North_Africa","C1: School closing","1G","1G","Guidance for educational institutes, clubs and youth movements  It is not required to test or fill out a health declaration before arriving at the educational institutions.     In case of close contact with a confirmed COVID case  It is not required to go into isolation after close contact with a confirmed case, except in the following cases:  â¢	Unvaccinated or non-infected student who has been in close contact with a household member who is a confirmed case will go into full isolation.  The isolation period can be reduced from day 5 after the last contact with the confirmed case, according to the isolation reduction guidance (if the student continues to reside with the confirmed case, the confirmed case's recovery day is day 1 of the isolation. If the student does not continue residing with the confirmed case, the day of last contact is day 1 of isolation).  â¢	A student who stays in isolation with a confirmed case who cannot stay in isolation alone, and continues to be in close contact with the confirmed case will go into full isolation.  Isolation can be reduced starting from day 5 after the last contact with the confirmed case, according to the isolation reduction guidance (the recovery day of the confirmed case is day 1 of isolation). Those who have recovered from COVID and were then in close contact with a confirmed case, provided no more than 60 days have passed since the receipt of the certificate of recovery - will not be required to go into isolation.  Isolation guidance for close contacts of a confirmed COVID case     If symptoms appear  â¢	Students experiencing fever of 38 degrees or above will take a PCR test or a rapid test at an authorized testing site and stay in isolation until receiving a negative test result or until 48 hours have passed with fever lower than 37.5 degress without use of fever reducers.  â¢	Students experiencing coughing or difficulty breathing are advised to take a COVID test. They are required to avoid going to school or crowded places until the symptoms are gone.    From guidelines that, for the most part, seem to have been superseded by the advice above.  Masking is required indoors from the 1st grade onward. In a class where one or more student is deaf or hard of hearing, staff members shall wear a transparent mask.    Sources:  https://archive.ph/cGguV [Guidance for educational institutes, clubs and youth movements]  https://archive.ph/e4jAF [Local Councils Traffic Light Model - from 28 February, but still current]"
"111","Israel","ISR",2022-04-11,"Middle_East_North_Africa","C1: School closing","1G","1G","Guidance for educational institutes, clubs and youth movements  It is not required to test or fill out a health declaration before arriving at the educational institutions.     In case of close contact with a confirmed COVID case  It is not required to go into isolation after close contact with a confirmed case, except in the following cases:    â¢	Unvaccinated or non-infected student who has been in close contact with a household member who is a confirmed case will go into full isolation.    The isolation period can be reduced from day 5 after the last contact with the confirmed case, according to the isolation reduction guidance (if the student continues to reside with the confirmed case, the confirmed case's recovery day is day 1 of the isolation. If the student does not continue residing with the confirmed case, the day of last contact is day 1 of isolation).    â¢	A student who stays in isolation with a confirmed case who cannot stay in isolation alone, and continues to be in close contact with the confirmed case will go into full isolation.    Isolation can be reduced starting from day 5 after the last contact with the confirmed case, according to the isolation reduction guidance (the recovery day of the confirmed case is day 1 of isolation). Those who have recovered from COVID and were then in close contact with a confirmed case, provided no more than 60 days have passed since the receipt of the certificate of recovery - will not be required to go into isolation.  Isolation guidance for close contacts of a confirmed COVID case     If symptoms appear  â¢	Students experiencing fever of 38 degrees or above will take a PCR test or a rapid test at an authorized testing site and stay in isolation until receiving a negative test result or until 48 hours have passed with fever lower than 37.5 degrees without use of fever reducers.  â¢	Students experiencing coughing or difficulty breathing are advised to take a COVID test. They are required to avoid going to school or crowded places until the symptoms are gone.    From guidelines that, for the most part, seem to have been superseded by the advice above.  Masking is required indoors from the 1st grade onward. In a class where one or more student is deaf or hard of hearing, staff members shall wear a transparent mask.    Sources:  https://archive.ph/cGguV [Guidance for educational institutes, clubs and youth movements]  https://archive.ph/e4jAF [Local Councils Traffic Light Model - from 28 February, but still current]"
"112","Israel","ISR",2022-04-04,"Middle_East_North_Africa","C2: Workplace closing","0","0","Workplaces National Guidance    General Guidance  â¢	Masking is required indoors  Places where Admission is Based on Public or Individual Reception  â¢	Regular activity  Conferences  â¢	Regular activity    **Sports National Guidance**  General Guidance  â¢	Masking is required indoors, not including during physical activity  Gyms and Studios  â¢	Regular activity  Swimming Pools  â¢	Regular activity  Community Centers  â¢	Regular activity  Sporting Events  â¢	Regular activity    **Leisure National Guidance**  General Guidance  â¢	Masking is required indoors  Clubs  â¢	Regular activity  Tourist Attractions  â¢	Regular activity  Amusement Parks  â¢	Regular activity  Swimming Pools  â¢	Regular activity  National Parks and Nature Reserves  â¢	Regular activity  Safari and Zoos  â¢	Regular activity  Community Centers  â¢	Regular activity    **Personal Care National Guidance**  General Guidance  â¢	Masking is required indoors  Beauty Salons  â¢	Regular activity    **Catering National Guidance**  General Guidance  â¢	Masking is required indoors  Restaurants and Cafes  â¢	Regular activity  Bars  â¢	Regular activity  Dining Rooms  â¢	Regular activity    **Retail National Guidance**  General Guidance  â¢	Masking is required indoors  Malls and Commercial Centers  â¢	Regular activity  Stores  â¢	Regular activity    **Culture National Guidance**  General Guidance  â¢	Masking is required indoors  Movie Theaters  â¢	Regular activity  Theatres  â¢	Regular activity  Exhibitions and Museums  â¢	Regular activity  Libraries  â¢	Regular activity    Sources:  https://archive.ph/e4jAF [Local Councils Traffic Light Model - from 28 February, but still current]  https://archive.ph/uGthY [Routine During the COVID-19 Pandemic]"
"113","Israel","ISR",2022-04-11,"Middle_East_North_Africa","C2: Workplace closing","0","0","Workplaces National Guidance    General Guidance  â¢	Masking is required indoors  Places where Admission is Based on Public or Individual Reception  â¢	Regular activity  Conferences  â¢	Regular activity    **Sports National Guidance**  General Guidance  â¢	Masking is required indoors, not including during physical activity  Gyms and Studios  â¢	Regular activity  Swimming Pools  â¢	Regular activity  Community Centers  â¢	Regular activity  Sporting Events  â¢	Regular activity    **Leisure National Guidance**  General Guidance  â¢	Masking is required indoors  Clubs  â¢	Regular activity  Tourist Attractions  â¢	Regular activity  Amusement Parks  â¢	Regular activity  Swimming Pools  â¢	Regular activity  National Parks and Nature Reserves  â¢	Regular activity  Safari and Zoos  â¢	Regular activity  Community Centers  â¢	Regular activity    **Personal Care National Guidance**  General Guidance  â¢	Masking is required indoors  Beauty Salons  â¢	Regular activity    **Catering National Guidance**  General Guidance  â¢	Masking is required indoors  Restaurants and Cafes  â¢	Regular activity  Bars  â¢	Regular activity  Dining Rooms  â¢	Regular activity    **Retail National Guidance**  General Guidance  â¢	Masking is required indoors  Malls and Commercial Centers  â¢	Regular activity  Stores  â¢	Regular activity    **Culture National Guidance**  General Guidance  â¢	Masking is required indoors  Movie Theaters  â¢	Regular activity  Theatres  â¢	Regular activity  Exhibitions and Museums  â¢	Regular activity  Libraries  â¢	Regular activity    Sources:  https://archive.ph/e4jAF [Local Councils Traffic Light Model - from 28 February, but still current]  https://archive.ph/uGthY [Routine During the COVID-19 Pandemic]"
"114","Israel","ISR",2022-04-04,"Middle_East_North_Africa","C3: Cancel public events","0","0","Events National Guidance    General Guidance  â¢	Masking is required indoors  Events  â¢	Regular activity    Sources:  https://archive.ph/e4jAF [Local Councils Traffic Light Model - from 28 February, but still current]  https://archive.ph/uGthY [Routine During the COVID-19 Pandemic]"
"115","Israel","ISR",2022-04-11,"Middle_East_North_Africa","C3: Cancel public events","0","0","Events National Guidance    General Guidance  â¢	Masking is required indoors  Events  â¢	Regular activity    Sources:  https://archive.ph/e4jAF [Local Councils Traffic Light Model - from 28 February, but still current]  https://archive.ph/uGthY [Routine During the COVID-19 Pandemic]"
"116","Israel","ISR",2022-04-04,"Middle_East_North_Africa","C4: Restrictions on gatherings","0","0","General Guidance  â¢	Masking is required indoors  Events  â¢	Regular activity    Sources:  https://archive.ph/e4jAF [Local Councils Traffic Light Model - from 28 February, but still current]  https://archive.ph/uGthY [Routine During the COVID-19 Pandemic]"
"117","Israel","ISR",2022-04-11,"Middle_East_North_Africa","C4: Restrictions on gatherings","0","0","General Guidance  â¢	Masking is required indoors  Events  â¢	Regular activity    Sources:  https://archive.ph/e4jAF [Local Councils Traffic Light Model - from 28 February, but still current]  https://archive.ph/uGthY [Routine During the COVID-19 Pandemic]"
"118","Israel","ISR",2022-04-04,"Middle_East_North_Africa","C5: Close public transport","0","0","Transportation National Guidance    General Guidance  â¢	Regular activity  â¢	Masking is required indoors    Sources:  https://archive.ph/e4jAF [Local Councils Traffic Light Model - from 28 February, but still current]  https://archive.ph/uGthY [Routine During the COVID-19 Pandemic]"
"119","Israel","ISR",2022-04-11,"Middle_East_North_Africa","C5: Close public transport","0","0","Transportation National Guidance    General Guidance  â¢	Regular activity  â¢	Masking is required indoors    Sources:  https://archive.ph/e4jAF [Local Councils Traffic Light Model - from 28 February, but still current]  https://archive.ph/uGthY [Routine During the COVID-19 Pandemic]"
"120","Israel","ISR",2022-04-04,"Middle_East_North_Africa","C8: International travel controls","1","1","International Travel - Isolation  All travellers arriving in Israel must go into isolation, regardless of their age including those considered vaccinated or recovered. Travellers are required to stay in isolation until receipt of a negative result on the PCR test performed upon entry to Israel or for 24 hours, whichever is earlier.    Those who were recognized in Israel as recovered and no more than 60 days have passed since the recovery, are exempt from isolation.    **Travel National Guidance**  General Guidance  â¢	Masking is required indoors  Complete guidance for travellers entering and leaving Israel    Entry to Israel  â¢	Before arrival in Israel, make sure that you are not denied air travel  â¢	For further information about testing and isolation, see the link    Leaving Israel  â¢	Before leaving Israel, make sure that you are not denied air travel  â¢	For further information about testing and isolation, see the link    Red Locations (Highest Risk)  â¢	For further information about testing and isolation, see the link    Orange Locations (At Risk)  â¢	For further information about testing and isolation, see the link    Yellow Locations (Low Risk)  â¢	For further information about testing and isolation, see the link    Sources:  https://archive.ph/6xE84 [Entry into Israel]  https://archive.ph/e4jAF [Local Councils Traffic Light Model - from 28 February, but still current]  https://archive.ph/uGthY [Routine During the COVID-19 Pandemic]"
"121","Israel","ISR",2022-04-11,"Middle_East_North_Africa","C8: International travel controls","1","1","Effectively screening at border control until the test is returned valid - less than 24 hours - so logged as screening rather quarantine.    All travellers arriving in Israel must go into isolation, regardless of their age including those considered vaccinated or recovered. Travellers are required to stay in isolation until receipt of a negative result on the PCR test performed upon entry to Israel or for 24 hours, whichever is earlier.    Those who were recognized in Israel as recovered and no more than 60 days have passed since the recovery, are exempt from isolation.    Source: https://archive.ph/sGMJc"
"122","Israel","ISR",2022-04-04,"Middle_East_North_Africa","H1: Public information campaigns","2G","2G","Information is widely available.    Sources:  https://archive.ph/uGthY [Routine During the COVID-19 Pandemic]  https://archive.ph/LWoAP [Ministry of Health]  https://archive.ph/PWNmS [COVID Information Center Israel Ministry of Health]  https://archive.ph/e4jAF [Local Councils Traffic Light Model - from 28 February, but still current]"
"123","Israel","ISR",2022-04-06,"Middle_East_North_Africa","H1: Public information campaigns","2G","2G","Ministry of Health press release recommending fourth dose for over 60s.    The data from Israel indicate: A fourth dose of vaccine 3 times improves the protection against serious illness among those aged 60 and over, compared with those vaccinated only for a third dose.    Source: https://archive.ph/4C9yI [Ministry of Health press release]"
"124","Israel","ISR",2022-04-10,"Middle_East_North_Africa","H1: Public information campaigns","2G","2G","'Celebrate Seder night together, and stay healthy' guidelines.  'Before we meet - get vaccinated (especially those aged 60 and over) and tested'    Source:  https://archive.ph/3TdCn [press release]"
"125","Israel","ISR",2022-04-04,"Middle_East_North_Africa","H2: Testing policy","2","2","**When to take a rapid test at an authorized site**  For those under the age of 60 and not belonging to at-risk groups:  â¢	72 hours after exposure to a confirmed COVID-19 case    Isolation info for those who had close contact with confirmed COVID-19 case  â¢	If you fever of 38 degrees and more  If you have fever - enter isolation until negative test result received or 48 hours passed after fever broke without use of fever reduction medicaments.    â¢	If there are symptoms  In case of coughing or difficulty breathing - it is recommended to do a test.    â¢	To reduce the isolation period  Non-vaccinated and non-infected individuals who went into isolation due to close contact with a confirmed COVID-19 household member, can take tests from day 5 since the last contact with the confirmed case.    â¢	Vaccinated or recovered caregivers for a confirmed case who is under the age of 12 or has difficulty caring for himself    â¢	Non-vaccinated or non-recovered living with a confirmed case     â¢	Prior to visiting health and welfare institutions:    When visiting health and welfare institutions (such as assisted living or nursing homes), non-vaccinated and non-recovered must present a negative result on a rapid test taken at an authorized site in the 24 hours prior to the visit. Vaccinated and recovered can be tested at an authorized site or take a home test and present a certificate attesting a negative result on that test (for children under the age of 3 - a test is not required prior to a visit).     When to take a home test  â¢	If you are a COVID-19 confirmed case  In order to exit after 5 isolation days, a home test should be taken on day 4  eve and on day 5 eve (positive test day being first day). you can end isolation if both test are negative, there are no symptoms 48 hours prior and you received a HMO recovery certificate. In order to be recognized as a confirmed case, a PCR test or a rapid test at a supervised site is required.     â¢	72 hours after exposure to COVID-19 confirmed case  It is advised to take a test 72 hours after exposure to a confirmed case. If the test result is positive, you will be required to take a rapid test at an authorized site in order to be recognized as a confirmed case and later as a recovered case.    â¢	If there are symptoms consistent with COVID-19  Vaccinated and recovered individuals not belonging to risks groups and exhibit coughing or difficulty breathing are advised to take a home test. Positive test result â take a rapid test at an authorized site in order to be recognized as a confirmed case and later as a recovered case.    Please note: Those with fever are required to go into isolation until receiving a negative result on a rapid test taken at an authorized site or until 48 hours have passed after the fever is reduced without use of fever reduction medicaments.  Isolation info for those with symptoms    Important: home tests cannot be used for isolation reduction for those who are not a confirmed case, or for being recognized as a confirmed case and later as recovered.    Source: https://archive.ph/TqCpT [Testing]"
"126","Israel","ISR",2022-04-04,"Middle_East_North_Africa","H6: Facial Coverings","2G","2G","Indoor masking  In closed spaces we need to wear a mask over the mouth and nose. This way we can reduce the risk of infection and transmission.    Sources:   https://archive.ph/uGthY [Routine During the COVID-19 Pandemic]  https://archive.ph/e4jAF [Local Councils Traffic Light Model - from 28 February, but still current]"
"127","Israel","ISR",2022-04-04,"Middle_East_North_Africa","H8: Protection of elderly people","2G","2G","Healthcare Services National Guidance  General Guidance  â¢	Masking is required indoors  â¢	Workers and visitors who are neither recovered nor vaccinated are required to wear a mask next to patients outdoors    Healthcare and Social Services Facilities  â¢	Health and social services facilities are geriatric hospitals, homes for the frail operated by social services, assisted living facilities operated by social services, housing for people with disabilities operated by the social services, mental health hostels, community housing for the rehabilitation of people with mental disabilities, daycare centers for the elderly and facilities for rehabilitation from drug and alcohol abuse that include housing  â¢	Visitors (over the age of 3) who are vaccinated or recovered will present a certificate attesting to a negative result on an antigen test administered by an authorized testing site, or a signed declaration that they tested positive on a home antigen test , administered in the 24 hours before the visit  â¢	Visitors (over the age of 3) who are unvaccinated or non-infected will present a certificate attesting to a negative result on an antigen test administered by an authorized testing site in the 24 hours before the visit  â¢	The number of visitors per tenant or permanent resident â no more than 1 visitor per day, not including minor visitors who are accompanied by an adult    Sources:  https://archive.ph/e4jAF [Local Councils Traffic Light Model - from 28 February, but still current]"
"128","Israel","ISR",2022-04-11,"Middle_East_North_Africa","H8: Protection of elderly people","2G","2G","Healthcare Services National Guidance  General Guidance  â¢	Masking is required indoors  â¢	Workers and visitors who are neither recovered nor vaccinated are required to wear a mask next to patients outdoors    Healthcare and Social Services Facilities  â¢	Health and social services facilities are geriatric hospitals, homes for the frail operated by social services, assisted living facilities operated by social services, housing for people with disabilities operated by the social services, mental health hostels, community housing for the rehabilitation of people with mental disabilities, daycare centers for the elderly and facilities for rehabilitation from drug and alcohol abuse that include housing  â¢	Visitors (over the age of 3) who are vaccinated or recovered will present a certificate attesting to a negative result on an antigen test administered by an authorized testing site, or a signed declaration that they tested positive on a home antigen test , administered in the 24 hours before the visit  â¢	Visitors (over the age of 3) who are unvaccinated or non-infected will present a certificate attesting to a negative result on an antigen test administered by an authorized testing site in the 24 hours before the visit  â¢	The number of visitors per tenant or permanent resident â no more than 1 visitor per day, not including minor visitors who are accompanied by an adult    Sources:  https://archive.ph/e4jAF [Local Councils Traffic Light Model - from 28 February, but still current]"
"129","Morocco","MAR",2022-04-05,"Middle_East_North_Africa","C1: School closing","1G","1G","All schools have resumed their classes on Febuary 23rd.   ""Since the end of the last holidays, all students have resumed classes in face-to-face mode. The Ministry of National Education has stopped publishing its epidemiological bulletin. Details in this press review from the daily Al Ahdath Al Maghribia.""    https://web.archive.org/web/20220223211531/http://fr.le360.ma/societe/debarrassees-du-covid-les-ecoles-retrouvent-une-vie-normale-255480"
"130","Morocco","MAR",2022-04-05,"Middle_East_North_Africa","C2: Workplace closing","2G","2G","Morocco requires proof of vaccination to enter most private and public establishments, including hotels, restaurants, cafes, gyms, hammams, grocery stores, and public modes of transportation. If vaccinated in Morocco, U.S. citizens should carry the vaccine pass (âpass vaccinalâ) issued by the Moroccan government and available at the Ministry of Health vaccination website. If vaccinated in the United States, we recommend U.S. citizens carry their white CDC card as proof of vaccination. Additionally, U.S. citizens vaccinated in the United States may be able to access the Vaccination Administration Management System (VAMS) within the United States to obtain a QR code. At this time, we cannot be certain what proof will be accepted by individual establishments.  https://web.archive.org/web/20220222134405/https://ma.usembassy.gov/covid-19-information/"
"131","Morocco","MAR",2022-04-05,"Middle_East_North_Africa","C3: Cancel public events","2G","2G","Morocco requires proof of vaccination to enter most private and public establishments, including hotels, restaurants, cafes, gyms, hammams, grocery stores, and public modes of transportation. If vaccinated in Morocco, U.S. citizens should carry the vaccine pass (âpass vaccinalâ) issued by the Moroccan government and available at the Ministry of Health vaccination website. If vaccinated in the United States, we recommend U.S. citizens carry their white CDC card as proof of vaccination. Additionally, U.S. citizens vaccinated in the United States may be able to access the Vaccination Administration Management System (VAMS) within the United States to obtain a QR code. At this time, we cannot be certain what proof will be accepted by individual establishments.  https://web.archive.org/web/20220222134405/https://ma.usembassy.gov/covid-19-information/"
"132","Morocco","MAR",2022-04-05,"Middle_East_North_Africa","C4: Restrictions on gatherings","4G","4G","""Large gatherings, spectators in the stadiums, wearing protective masks, measures that remain but that the scientific committee does not seem in a hurry to lift.""  ""Since October 21, 2021, the presentation of a vaccination pass has been required to travel between prefectures and provinces, and to access public and private administrations, hotels, restaurants, cafes, shops, sports halls and hammams in the Kingdom.""    https://web.archive.org/web/20220403203737/https://lematin.ma/express/2022/amelioration-situation-epidemiologique-levee-reste-restrictions-lordre-jour/372151.html  https://web.archive.org/web/20210329174433/https://ma.ambafrance.org/Coronavirus-Conditions-de-deplacement-Reponses-aux-principales-questions#Quelles-sont-les-mesures-restrictives-actuellement-en-vigueur-au-Maroc-nbsp"
"133","Morocco","MAR",2022-04-05,"Middle_East_North_Africa","C5: Close public transport","2G","2G","Morocco requires proof of vaccination to enter most private and public establishments, including hotels, restaurants, cafes, gyms, hammams, grocery stores, and public modes of transportation. If vaccinated in Morocco, U.S. citizens should carry the vaccine pass (âpass vaccinalâ) issued by the Moroccan government and available at the Ministry of Health vaccination website. If vaccinated in the United States, we recommend U.S. citizens carry their white CDC card as proof of vaccination. Additionally, U.S. citizens vaccinated in the United States may be able to access the Vaccination Administration Management System (VAMS) within the United States to obtain a QR code. At this time, we cannot be certain what proof will be accepted by individual establishments.  https://web.archive.org/web/20220222134405/https://ma.usembassy.gov/covid-19-information/"
"134","Morocco","MAR",2022-04-05,"Middle_East_North_Africa","C6: Stay at home requirements","0","0","""Since November 10, 2021, the ban on night travel has been lifted (end of the night curfew), and the movement of people between prefectures and provinces is authorized without restrictions.""    https://web.archive.org/web/20210329174433/https://ma.ambafrance.org/Coronavirus-Conditions-de-deplacement-Reponses-aux-principales-questions"
"135","Morocco","MAR",2022-04-05,"Middle_East_North_Africa","C7: Restrictions on internal movement","0","0","""Since November 10, 2021, the ban on night travel has been lifted (end of the night curfew), and the movement of people between prefectures and provinces is authorized without restrictions.""    https://web.archive.org/web/20210329174433/https://ma.ambafrance.org/Coronavirus-Conditions-de-deplacement-Reponses-aux-principales-questions"
"136","Morocco","MAR",2022-04-05,"Middle_East_North_Africa","C8: International travel controls","3","3","Those seeking to enter Morocco must:  Present a vaccination pass* (for those 12+  years of age), demonstrating that they have been fully vaccinated (at least two doses, unless the Johnson & Johnson vaccine was administered);    Present a negative PCR test taken less than 48 hours before boarding the plane (for those 7+ years of age);  Submit to rapid antigen testing upon arrival in Morocco; and  Submit â if requested â to random PCR testing (for those 7+ years of age) after entry into Morocco.  https://web.archive.org/web/20220222134405/https://ma.usembassy.gov/covid-19-information/"
"137","Morocco","MAR",2022-04-05,"Middle_East_North_Africa","E1: Income support","0","0","Financial aides have been given from March to June.  ""Given the persistence of the negative effects caused by the Covid-19 health crisis on certain vulnerable branches of activity, the CVE has decided to extend several support measures in their favor until June 30, 2021.""    https://web.archive.org/web/20210415103220/https://www.h24info.ma/economie/crise-sanitaire-letat-marocain-maintient-ses-aides-jusqua-fin-juin/"
"138","Morocco","MAR",2022-04-05,"Middle_East_North_Africa","E2: Debt/contract relief","0","0","Financial aides have been given from March to June.  ""Given the persistence of the negative effects caused by the Covid-19 health crisis on certain vulnerable branches of activity, the CVE has decided to extend several support measures in their favor until June 30, 2021.""    https://web.archive.org/web/20210415103220/https://www.h24info.ma/economie/crise-sanitaire-letat-marocain-maintient-ses-aides-jusqua-fin-juin/"
"139","Morocco","MAR",2022-04-05,"Middle_East_North_Africa","H1: Public information campaigns","2G","2G","The ministry of health has a coordinated internet and social media pages on information regarding Covid19 for the public.    https://web.archive.org/web/20220321135239/http://www.covidmaroc.ma/Pages/ProfessionnelSante.aspx"
"140","Morocco","MAR",2022-04-05,"Middle_East_North_Africa","H2: Testing policy","3","3","COVID-19 Testing    Are PCR and/or antigen tests available for U.S. citizens in Morocco? Yes. Testing is available in major cities throughout Morocco.  The cost for a PCR test is typically around 400 Dirhams, though same-day test results may cost extra.  https://web.archive.org/web/20220222134405/https://ma.usembassy.gov/covid-19-information/"
"141","Morocco","MAR",2022-04-05,"Middle_East_North_Africa","H3: Contact tracing","0","0","No evidence for contact tracing found online."
"142","Morocco","MAR",2022-04-05,"Middle_East_North_Africa","H6: Facial Coverings","3G","3G","""In addition, wearing a mask is compulsory throughout the Kingdom. Everyone is required to comply with the mandatory measures provided for in the context of the state of emergency under pain of penalties provided for in the penal code.""    https://web.archive.org/web/20210329174433/https://ma.ambafrance.org/Coronavirus-Conditions-de-deplacement-Reponses-aux-principales-questions"
"143","Morocco","MAR",2022-04-05,"Middle_East_North_Africa","H7: Vaccination policy","5G","5G","COVID-19 Vaccine Information    Has the government of Morocco approved a COVID-19 vaccine for use?  Yes  Are vaccines available in Morocco for U.S. citizens to receive?  Yes  Which vaccines are available in Morocco?  Pfizer (U.S.), AstraZeneca (UK), Sinopharm (China), and Sputnik V (Russia)  https://web.archive.org/web/20220222134405/https://ma.usembassy.gov/covid-19-information/"
"144","Morocco","MAR",2022-04-05,"Middle_East_North_Africa","H8: Protection of elderly people","0","0","No measures in place.  https://web.archive.org/web/20220222134405/https://ma.usembassy.gov/covid-19-information/"
"145","Malta","MLT",2022-04-13,"Middle_East_North_Africa","C1: School closing","0","1G","Mask-wearing is no longer obligatory in schools, however is still recommended. Social distancing and cohorting is encouraged.     Source: https://deputyprimeminister.gov.mt/en/health-promotion/covid-19/Documents/Education%20Guidance%20April%202022_25_4.pdf"
"146","Malta","MLT",2022-05-02,"Middle_East_North_Africa","C2: Workplace closing","0","2G","Parties and weddings can resume as normal - vaccine certificates no longer required for entry into parties etc    Source; http://web.archive.org/web/20220504095049/https://www.maltatoday.com.mt/news/national/116391/weddings_parties_back_to_normal_from_2_may_as_most_covid19_restrictions_are_lifted#.YnJMfXbP02w"
"147","Malta","MLT",2022-04-10,"Middle_East_North_Africa","C3: Cancel public events","2G","2G","Standing events outdoors no longer require a vaccination certificate. However, indoor standing events still require a certificate.       Source: http://web.archive.org/web/20220411065136/https://timesofmalta.com/articles/view/covid-self-testing-to-be-allowed-negative-pcr-test-for-red-list.945960"
"148","Malta","MLT",2022-05-02,"Middle_East_North_Africa","C3: Cancel public events","0","2G","Weddings, parties and all other social activities can resume as normal.    Source: http://web.archive.org/web/20220504095049/https://www.maltatoday.com.mt/news/national/116391/weddings_parties_back_to_normal_from_2_may_as_most_covid19_restrictions_are_lifted#.YnJMfXbP02w"
"149","Malta","MLT",2022-04-10,"Middle_East_North_Africa","C4: Restrictions on gatherings","0","4G","As from April 10, there will no longer be a capping on the number of people who can gather in crowds     Source: http://web.archive.org/web/20220411065136/https://timesofmalta.com/articles/view/covid-self-testing-to-be-allowed-negative-pcr-test-for-red-list.945960"
"150","Malta","MLT",2022-04-12,"Middle_East_North_Africa","C8: International travel controls","3","3","PCR tests and recovery certificates will now be recognized for travel purposes. This means that Malta will no longer require travellers to be fully vaccinated but can now come to the island with a negative test or proof of infection in recent months. This is only eligible for those travelling from red list countries.     Source: http://web.archive.org/web/20220420131455/https://timesofmalta.com/articles/view/covid-self-testing-to-be-allowed-negative-pcr-test-for-red-list.945960"
"151","Malta","MLT",2022-05-02,"Middle_East_North_Africa","C8: International travel controls","3","3","PLF is no longer needed for travel to Malta. However, most travel rules have remained in place. Anyone arriving in Malta will still need to present either a vaccine certificate, negative PCR test or recovery certificate for entry. Red and dark red travel lists will also remain in place    Source: http://web.archive.org/web/20220504095049/https://www.maltatoday.com.mt/news/national/116391/weddings_parties_back_to_normal_from_2_may_as_most_covid19_restrictions_are_lifted#.YnJMfXbP02w"
"152","Malta","MLT",2022-05-02,"Middle_East_North_Africa","H3: Contact tracing","0","2","Only those who test positive for COVID-19 will have to isolate. People who live with a COVID-19 patient no longer have to quarantine, unless they show symptoms of the virus. Primary contacts, even those unvaccinated, also no longer need to quarantine. Positive cases of COVID-19 must quarantine for 1 week, after which they can exit upon proof of a negative test, or remain in quarantine for 10 days total.     Source: http://web.archive.org/web/20220504095049/https://www.maltatoday.com.mt/news/national/116391/weddings_parties_back_to_normal_from_2_may_as_most_covid19_restrictions_are_lifted#.YnJMfXbP02w"
"153","Malta","MLT",2022-04-13,"Middle_East_North_Africa","H6: Facial Coverings","2G","3G","Masks are no longer required in schools as from 13th April. Now that the mask requirement in schools is to be dropped, mandatory mask wearing will only be needed in shops and other public indoor places.    Source: http://web.archive.org/web/20220420131455/https://timesofmalta.com/articles/view/covid-self-testing-to-be-allowed-negative-pcr-test-for-red-list.945960"
"154","Malta","MLT",2022-05-02,"Middle_East_North_Africa","H6: Facial Coverings","2G","2G","Masks are no longer mandatory in indoor public places such as shops, restaurants etc. Masks are only required on flights, inside hospitals, health clinics and care homes.     Source: http://web.archive.org/web/20220504095049/https://www.maltatoday.com.mt/news/national/116391/weddings_parties_back_to_normal_from_2_may_as_most_covid19_restrictions_are_lifted"
"155","Palestine","PSE",2022-04-20,"Middle_East_North_Africa","C1: School closing","0","0","Schools are fully open.    US Embassy in Israel (which also covers the West Bank and Gaza), last updated 26 January 2022:  https://web.archive.org/web/20220505203051/https://il.usembassy.gov/covid-19-information/"
"156","Palestine","PSE",2022-04-20,"Middle_East_North_Africa","C2: Workplace closing","0","0","No workplace closures are listed.    US Embassy in Israel (which also covers the West Bank and Gaza), last updated 26 January 2022:  https://web.archive.org/web/20220505203051/https://il.usembassy.gov/covid-19-information/"
"157","Palestine","PSE",2022-04-20,"Middle_East_North_Africa","C3: Cancel public events","0","0","No measures listed.    US Embassy in Israel (which also covers the West Bank and Gaza), last updated 26 January 2022:  https://web.archive.org/web/20220505203051/https://il.usembassy.gov/covid-19-information/"
"158","Palestine","PSE",2022-04-20,"Middle_East_North_Africa","C4: Restrictions on gatherings","0","0","No restrictions listed.    US Embassy in Israel (which also covers the West Bank and Gaza), last updated 26 January 2022:  https://web.archive.org/web/20220505203051/https://il.usembassy.gov/covid-19-information/"
"159","Palestine","PSE",2022-04-20,"Middle_East_North_Africa","C5: Close public transport","0","0","Public transportation is operating in the West Bank and in Gaza.    US Embassy in Israel (which also covers the West Bank and Gaza), last updated 26 January 2022:  https://web.archive.org/web/20220505203051/https://il.usembassy.gov/covid-19-information/"
"160","Palestine","PSE",2022-04-20,"Middle_East_North_Africa","C6: Stay at home requirements","0","0","No curfew in Gaza. No mention of a curfew in the West Bank.    US Embassy in Israel (which also covers the West Bank and Gaza), last updated 26 January 2022:  https://web.archive.org/web/20220505203051/https://il.usembassy.gov/covid-19-information/"
"161","Palestine","PSE",2022-04-20,"Middle_East_North_Africa","C7: Restrictions on internal movement","0","0","There are no restrictions on internal movement in the West Bank or in Gaza.    US Embassy in Israel (which also covers the West Bank and Gaza), last updated 26 January 2022:  https://web.archive.org/web/20220505203051/https://il.usembassy.gov/covid-19-information/"
"162","Palestine","PSE",2022-04-20,"Middle_East_North_Africa","C8: International travel controls","2","2","In Gaza, there is a mandatory quarantine: 7 days for a negative COVID-19 test or 21 days with a positive COVID-19 test.    West Bank:   ""- Are U.S. citizens permitted to enter? [Yes]  - Is a negative COVID-19 test (PCR and/or serology) required for entry? [Yes]  - Are health screening procedures in place at airports and other ports of entry? [Yes] The Palestinian Authority requires all individuals who seek to enter the West Bank via the Allenby crossing to take a COVID -19 test within 72 hours.""    Gaza:  ""- Are U.S. citizens permitted to enter??[No]  - The de facto authority in Gaza stated that travel in and out of Gaza will only be permitted for urgent humanitarian cases through Erez and Rafah crossings and that those coming into Gaza will be required to take a COVID-19 test and quarantine for a mandatory period of seven days (with a negative COVID-19 test) or 21 days (with a positive COVID-19 test).""    US Embassy in Israel (which also covers the West Bank and Gaza), last updated 26 January 2022:  https://web.archive.org/web/20220505203051/https://il.usembassy.gov/covid-19-information/"
"163","Palestine","PSE",2022-04-20,"Middle_East_North_Africa","E1: Income support","0","0","No new income support.    IMF Policy Tracker - Policy Responses to COVID-19:  https://web.archive.org/web/20220505203246/https://www.imf.org/en/Topics/imf-and-covid19/Policy-Responses-to-COVID-19"
"164","Palestine","PSE",2022-04-20,"Middle_East_North_Africa","E2: Debt/contract relief","0","0","No new debt or contract relief.    IMF Policy Tracker - Policy Responses to COVID-19:  https://web.archive.org/web/20220505203246/https://www.imf.org/en/Topics/imf-and-covid19/Policy-Responses-to-COVID-19"
"165","Palestine","PSE",2022-04-20,"Middle_East_North_Africa","H1: Public information campaigns","2G","2G","The Palestinian Ministry of Health has a website in Arabic where people can learn about and register for the COVID-19 vaccine.    Palestinian Ministry of Health COVID-19 website (in Arabic):  https://web.archive.org/web/20220505203332/https://vaccine.moh.ps/"
"166","Palestine","PSE",2022-04-20,"Middle_East_North_Africa","H2: Testing policy","3","3","COVID-19 testing is generally available in the West Bank and Gaza.    US Embassy in Israel (which also covers the West Bank and Gaza), last updated 26 January 2022:  https://web.archive.org/web/20220505203051/https://il.usembassy.gov/covid-19-information/"
"167","Palestine","PSE",2022-04-20,"Middle_East_North_Africa","H3: Contact tracing","1","1","""Persons who have been in contact with a COVID-19 positive case may contact the local health authorities in Gaza via WhatsApp at (00970599503103).""    US Embassy in Israel (which also covers the West Bank and Gaza), last updated 26 January 2022:  https://web.archive.org/web/20220505203051/https://il.usembassy.gov/covid-19-information/"
"168","Palestine","PSE",2022-04-20,"Middle_East_North_Africa","H6: Facial Coverings","4G","4G","In Gaza, ""Wearing of face masks is strictly enforced, including indoor areas and vehicles.""    US Embassy in Israel (which also covers the West Bank and Gaza), last updated 26 January 2022:  https://web.archive.org/web/20220505203051/https://il.usembassy.gov/covid-19-information/"
"169","Palestine","PSE",2022-04-20,"Middle_East_North_Africa","H7: Vaccination policy","5G","5G","Vaccination continued in schools in the Gaza Strip in February and resumed in public schools in West Bank after a brief pause. WHO  provided  100,000  posters  to  encourage vaccination uptake in schools. Vaccination continues in public schools.    WHO Occupied Palestinian Territory Coronavirus disease 2021 (COVID-19) Situation Report  (Monthly issue: Feb 28 2022)  (Note: this is the most recent Situation Report as of May 5 2022)  https://web.archive.org/web/20220422015131/http://www.emro.who.int/opt/information-resources/covid-19-situation-reports.html"
"170","Palestine","PSE",2022-04-20,"Middle_East_North_Africa","H8: Protection of elderly people","0","0","No particular measures for the elderly besides the booster shot.    WHO Occupied Palestinian Territory Coronavirus disease 2021 (COVID-19) Situation Report  (Monthly issue: Feb 28 2022)  (Note: this is the most recent Situation Report as of May 5 2022)  https://web.archive.org/web/20220422015131/http://www.emro.who.int/opt/information-resources/covid-19-situation-reports.html"
"171","Yemen","YEM",2022-04-04,"Middle_East_North_Africa","C1: School closing","1G","1G","No change in policy"
"172","Yemen","YEM",2022-04-05,"Middle_East_North_Africa","C1: School closing","1G","1G","No evidence of change  https://archive.ph/1CwWO"
"173","Yemen","YEM",2022-04-05,"Middle_East_North_Africa","C2: Workplace closing","1G","1G","Since 25 September, authorities across Yemen have introduced a range of measures.   Since 5 April, current measures include curfews, closures of businesses and limitations on public and private gatherings. Implementation may vary and restrictions can change at short notice. https://archive.ph/3v4Du"
"174","Yemen","YEM",2022-04-05,"Middle_East_North_Africa","C3: Cancel public events","1G","1G","Since 25 September, authorities across Yemen have introduced a range of measures.   Current measures include curfews, closures of businesses and limitations on public and private gatherings. Implementation may vary and restrictions can change at short notice. https://archive.ph/3v4Du"
"175","Yemen","YEM",2022-04-05,"Middle_East_North_Africa","C4: Restrictions on gatherings","0","0","No change"
"176","Yemen","YEM",2022-04-05,"Middle_East_North_Africa","C5: Close public transport","0","0","No data"
"177","Yemen","YEM",2022-04-05,"Middle_East_North_Africa","C6: Stay at home requirements","2T","2T","No change, curfew still in place in Mar'ib province, 9pm-5am.  https://archive.ph/WVJaC  ,"
"178","Yemen","YEM",2022-04-05,"Middle_East_North_Africa","C7: Restrictions on internal movement","0","0","No change  https://archive.ph/WVJaC"
"179","Yemen","YEM",2022-04-05,"Middle_East_North_Africa","C8: International travel controls","4","4","There are limited commercial flights entering or leaving Yemen. The majority of land sea and air ports are closed until further notice.  https://archive.ph/3MNPD"
"180","Yemen","YEM",2022-04-05,"Middle_East_North_Africa","E1: Income support","0","0","No change"
"181","Yemen","YEM",2022-04-05,"Middle_East_North_Africa","E2: Debt/contract relief","0","0","No change"
"182","Yemen","YEM",2022-04-05,"Middle_East_North_Africa","H1: Public information campaigns","1G","1G","No change  https://archive.ph/snHPO"
"183","Yemen","YEM",2022-04-05,"Middle_East_North_Africa","H2: Testing policy","1","1","No change, Medical facilities, particularly away from the main towns, are poor. There are four testing facilities in Mukalla, Sanaâa, Aden and Taiz.  https://archive.ph/3MNPD  https://archive.ph/snHPO"
"184","Yemen","YEM",2022-04-05,"Middle_East_North_Africa","H3: Contact tracing","0","0","No change"
"185","Yemen","YEM",2022-04-05,"Middle_East_North_Africa","H6: Facial Coverings","1G","1G","No change  https://archive.ph/snHPO"
"186","Yemen","YEM",2022-04-05,"Middle_East_North_Africa","H7: Vaccination policy","4G","4G","While there is a prioritised plan in place, some health care clinics have made the vaccine available to anyone due to a surplus from high vaccine hesitancy.  https://archive.ph/snHPO  https://archive.ph/WqwSf  https://archive.ph/qevkn"
"187","Yemen","YEM",2022-04-05,"Middle_East_North_Africa","H8: Protection of elderly people","0","0","No change  https://archive.ph/snHPO"
